Workbook

Sheet Clean_data 
A1: Date | B1: Day_of_week | C1: Crisis_Phase | D1: WTI_Oil | E1: Brent_Oil | F1: INR_USD | G1: USD_Index | H1: SPLG (S&P 500) | I1: Fright Rate(Hormuz) | J1: Sentiment Score | K1: Oil_Change_from_day_0(%) | L1: Fuel_price(India)_from_day0(%) | M1: USD_Index_From_Day0(%) | N1: FrightRate_From_day0(%)
A2: 46113 | B2: =VLOOKUP(Table1[[#This Row],[Date]],crude_oil_prices_crisis_period!A1:F16,5,FALSE) -> Wednesday | C2: Pre-Crisis | D2: =VLOOKUP(A2,crude_oil_prices_crisis_period!A1:F16,2,FALSE) -> 93.49 | E2: =VLOOKUP(Table1[[#This Row],[Date]],crude_oil_prices_crisis_period!A1:F16,3,FALSE) -> 95.99 | F2: {=_xlfn.XLOOKUP(1,(currency_inflation_indicators!A:A=Table1[[#This Row],[Date]])*(currency_inflation_indicators!B:B=Table1[[#Headers],[INR_USD]]),currency_inflation_indicators!C:C)} -> 83.24 | G2: {=_xlfn.XLOOKUP(1,(currency_inflation_indicators!A:A=Table1[[#This Row],[Date]])*(currency_inflation_indicators!B:B=Table1[[#Headers],[USD_Index]]),currency_inflation_indicators!C:C)} -> 104.5 | H2: {=_xlfn.XLOOKUP(1,(stock_market_impact_energy_sect!A:A=Table1[[#This Row],[Date]])*(stock_market_impact_energy_sect!B:B=Table1[[#Headers],[SPLG (S&P 500)]]),stock_market_impact_energy_sect!E:E)} -> -0.5 | I2: {=_xlfn.XLOOKUP(1,(shipping_logistics_disruption!A:A=Table1[[#This Row],[Date]])*(shipping_logistics_disruption!B:B="Strait of Hormuz"),shipping_logistics_disruption!D:D)} -> 1741.66 | J2: =AVERAGEIF(news_sentiment_media_coverage!A1:G57,Table1[[#This Row],[Date]],news_sentiment_media_coverage!D1) -> 0.3 | K2: 0 | L2: 0 | M2: 0 | N2: 0
A3: 46114 | B3: =VLOOKUP(Table1[[#This Row],[Date]],crude_oil_prices_crisis_period!A2:F17,5,FALSE) -> Thursday | C3: Pre-Crisis | D3: =VLOOKUP(A3,crude_oil_prices_crisis_period!A2:F17,2,FALSE) -> 94.24 | E3: 96.74 | F3: {=_xlfn.XLOOKUP(1,(currency_inflation_indicators!A:A=Table1[[#This Row],[Date]])*(currency_inflation_indicators!B:B=Table1[[#Headers],[INR_USD]]),currency_inflation_indicators!C:C)} -> 83.22 | G3: {=_xlfn.XLOOKUP(1,(currency_inflation_indicators!A:A=Table1[[#This Row],[Date]])*(currency_inflation_indicators!B:B=Table1[[#Headers],[USD_Index]]),currency_inflation_indicators!C:C)} -> 104.85 | H3: {=_xlfn.XLOOKUP(1,(stock_market_impact_energy_sect!A:A=Table1[[#This Row],[Date]])*(stock_market_impact_energy_sect!B:B=Table1[[#Headers],[SPLG (S&P 500)]]),stock_market_impact_energy_sect!E:E)} -> -0.84 | I3: {=_xlfn.XLOOKUP(1,(shipping_logistics_disruption!A:A=Table1[[#This Row],[Date]])*(shipping_logistics_disruption!B:B="Strait of Hormuz"),shipping_logistics_disruption!D:D)} -> 1930.09 | J3: =AVERAGEIF(news_sentiment_media_coverage!A2:G58,Table1[[#This Row],[Date]],news_sentiment_media_coverage!D2) -> 0.22 | K3: =(Table1[[#This Row],[WTI_Oil]]-D2)/D2*100 -> 0.80222484 | L3: =(Table1[[#This Row],[INR_USD]]-F2)/F2*100 -> -0.02402691 | M3: =(Table1[[#This Row],[USD_Index]]-G2)/G2*100 -> 0.33492823 | N3: =(Table1[[#This Row],[Fright Rate(Hormuz)]]-I2)/I2*100 -> 10.818989
A4: 46115 | B4: =VLOOKUP(Table1[[#This Row],[Date]],crude_oil_prices_crisis_period!A3:F18,5,FALSE) -> Friday | C4: Pre-Crisis | D4: =VLOOKUP(A4,crude_oil_prices_crisis_period!A3:F18,2,FALSE) -> 93.88 | E4: 96.38 | F4: {=_xlfn.XLOOKUP(1,(currency_inflation_indicators!A:A=Table1[[#This Row],[Date]])*(currency_inflation_indicators!B:B=Table1[[#Headers],[INR_USD]]),currency_inflation_indicators!C:C)} -> 83.2 | G4: {=_xlfn.XLOOKUP(1,(currency_inflation_indicators!A:A=Table1[[#This Row],[Date]])*(currency_inflation_indicators!B:B=Table1[[#Headers],[USD_Index]]),currency_inflation_indicators!C:C)} -> 105.2 | H4: {=_xlfn.XLOOKUP(1,(stock_market_impact_energy_sect!A:A=Table1[[#This Row],[Date]])*(stock_market_impact_energy_sect!B:B=Table1[[#Headers],[SPLG (S&P 500)]]),stock_market_impact_energy_sect!E:E)} -> -1.18 | I4: {=_xlfn.XLOOKUP(1,(shipping_logistics_disruption!A:A=Table1[[#This Row],[Date]])*(shipping_logistics_disruption!B:B="Strait of Hormuz"),shipping_logistics_disruption!D:D)} -> 1518.98 | J4: =AVERAGEIF(news_sentiment_media_coverage!A3:G59,Table1[[#This Row],[Date]],news_sentiment_media_coverage!D3) -> 0.14 | K4: =(Table1[[#This Row],[WTI_Oil]]-D3)/D3*100 -> -0.3820034 | L4: =(Table1[[#This Row],[INR_USD]]-F3)/F3*100 -> -0.024032684 | M4: =(Table1[[#This Row],[USD_Index]]-G3)/G3*100 -> 0.33381021 | N4: =(Table1[[#This Row],[Fright Rate(Hormuz)]]-I3)/I3*100 -> -21.300043
A5: 46116 | B5: =VLOOKUP(Table1[[#This Row],[Date]],crude_oil_prices_crisis_period!A4:F19,5,FALSE) -> Saturday | C5: Pre-Crisis | D5: =VLOOKUP(A5,crude_oil_prices_crisis_period!A4:F19,2,FALSE) -> 109.76 | E5: 112.26 | F5: {=_xlfn.XLOOKUP(1,(currency_inflation_indicators!A:A=Table1[[#This Row],[Date]])*(currency_inflation_indicators!B:B=Table1[[#Headers],[INR_USD]]),currency_inflation_indicators!C:C)} -> 83.18 | G5: {=_xlfn.XLOOKUP(1,(currency_inflation_indicators!A:A=Table1[[#This Row],[Date]])*(currency_inflation_indicators!B:B=Table1[[#Headers],[USD_Index]]),currency_inflation_indicators!C:C)} -> 105.55 | H5: {=_xlfn.XLOOKUP(1,(stock_market_impact_energy_sect!A:A=Table1[[#This Row],[Date]])*(stock_market_impact_energy_sect!B:B=Table1[[#Headers],[SPLG (S&P 500)]]),stock_market_impact_energy_sect!E:E)} -> -1.51 | I5: {=_xlfn.XLOOKUP(1,(shipping_logistics_disruption!A:A=Table1[[#This Row],[Date]])*(shipping_logistics_disruption!B:B="Strait of Hormuz"),shipping_logistics_disruption!D:D)} -> 1818.72 | J5: =AVERAGEIF(news_sentiment_media_coverage!A4:G60,Table1[[#This Row],[Date]],news_sentiment_media_coverage!D4) -> 0.06 | K5: =(Table1[[#This Row],[WTI_Oil]]-D4)/D4*100 -> 16.915211 | L5: =(Table1[[#This Row],[INR_USD]]-F4)/F4*100 -> -0.024038462 | M5: =(Table1[[#This Row],[USD_Index]]-G4)/G4*100 -> 0.33269962 | N5: =(Table1[[#This Row],[Fright Rate(Hormuz)]]-I4)/I4*100 -> 19.732979
A6: 46117 | B6: =VLOOKUP(Table1[[#This Row],[Date]],crude_oil_prices_crisis_period!A5:F20,5,FALSE) -> Sunday | C6: Escalation | D6: =VLOOKUP(A6,crude_oil_prices_crisis_period!A5:F20,2,FALSE) -> 112.52 | E6: 115.02 | F6: {=_xlfn.XLOOKUP(1,(currency_inflation_indicators!A:A=Table1[[#This Row],[Date]])*(currency_inflation_indicators!B:B=Table1[[#Headers],[INR_USD]]),currency_inflation_indicators!C:C)} -> 83.16 | G6: {=_xlfn.XLOOKUP(1,(currency_inflation_indicators!A:A=Table1[[#This Row],[Date]])*(currency_inflation_indicators!B:B=Table1[[#Headers],[USD_Index]]),currency_inflation_indicators!C:C)} -> 105.9 | H6: {=_xlfn.XLOOKUP(1,(stock_market_impact_energy_sect!A:A=Table1[[#This Row],[Date]])*(stock_market_impact_energy_sect!B:B=Table1[[#Headers],[SPLG (S&P 500)]]),stock_market_impact_energy_sect!E:E)} -> -1.85 | I6: {=_xlfn.XLOOKUP(1,(shipping_logistics_disruption!A:A=Table1[[#This Row],[Date]])*(shipping_logistics_disruption!B:B="Strait of Hormuz"),shipping_logistics_disruption!D:D)} -> 2442.66 | J6: =AVERAGEIF(news_sentiment_media_coverage!A5:G61,Table1[[#This Row],[Date]],news_sentiment_media_coverage!D5) -> -0.02 | K6: =(Table1[[#This Row],[WTI_Oil]]-D5)/D5*100 -> 2.5145773 | L6: =(Table1[[#This Row],[INR_USD]]-F5)/F5*100 -> -0.024044241 | M6: =(Table1[[#This Row],[USD_Index]]-G5)/G5*100 -> 0.3315964 | N6: =(Table1[[#This Row],[Fright Rate(Hormuz)]]-I5)/I5*100 -> 34.306545
A7: 46118 | B7: =VLOOKUP(Table1[[#This Row],[Date]],crude_oil_prices_crisis_period!A6:F21,5,FALSE) -> Monday | C7: Escalation | D7: =VLOOKUP(A7,crude_oil_prices_crisis_period!A6:F21,2,FALSE) -> 110.24 | E7: 112.74 | F7: {=_xlfn.XLOOKUP(1,(currency_inflation_indicators!A:A=Table1[[#This Row],[Date]])*(currency_inflation_indicators!B:B=Table1[[#Headers],[INR_USD]]),currency_inflation_indicators!C:C)} -> 83.14 | G7: {=_xlfn.XLOOKUP(1,(currency_inflation_indicators!A:A=Table1[[#This Row],[Date]])*(currency_inflation_indicators!B:B=Table1[[#Headers],[USD_Index]]),currency_inflation_indicators!C:C)} -> 106.25 | H7: {=_xlfn.XLOOKUP(1,(stock_market_impact_energy_sect!A:A=Table1[[#This Row],[Date]])*(stock_market_impact_energy_sect!B:B=Table1[[#Headers],[SPLG (S&P 500)]]),stock_market_impact_energy_sect!E:E)} -> -2.19 | I7: {=_xlfn.XLOOKUP(1,(shipping_logistics_disruption!A:A=Table1[[#This Row],[Date]])*(shipping_logistics_disruption!B:B="Strait of Hormuz"),shipping_logistics_disruption!D:D)} -> 2781.18 | J7: =AVERAGEIF(news_sentiment_media_coverage!A6:G62,Table1[[#This Row],[Date]],news_sentiment_media_coverage!D6) -> -0.1 | K7: =(Table1[[#This Row],[WTI_Oil]]-D6)/D6*100 -> -2.0263064 | L7: =(Table1[[#This Row],[INR_USD]]-F6)/F6*100 -> -0.024050024 | M7: =(Table1[[#This Row],[USD_Index]]-G6)/G6*100 -> 0.33050047 | N7: =(Table1[[#This Row],[Fright Rate(Hormuz)]]-I6)/I6*100 -> 13.858662
A8: 46119 | B8: =VLOOKUP(Table1[[#This Row],[Date]],crude_oil_prices_crisis_period!A7:F22,5,FALSE) -> Tuesday | C8: Escalation | D8: =VLOOKUP(A8,crude_oil_prices_crisis_period!A7:F22,2,FALSE) -> 109.42 | E8: 111.92 | F8: {=_xlfn.XLOOKUP(1,(currency_inflation_indicators!A:A=Table1[[#This Row],[Date]])*(currency_inflation_indicators!B:B=Table1[[#Headers],[INR_USD]]),currency_inflation_indicators!C:C)} -> 83.12 | G8: {=_xlfn.XLOOKUP(1,(currency_inflation_indicators!A:A=Table1[[#This Row],[Date]])*(currency_inflation_indicators!B:B=Table1[[#Headers],[USD_Index]]),currency_inflation_indicators!C:C)} -> 106.6 | H8: {=_xlfn.XLOOKUP(1,(stock_market_impact_energy_sect!A:A=Table1[[#This Row],[Date]])*(stock_market_impact_energy_sect!B:B=Table1[[#Headers],[SPLG (S&P 500)]]),stock_market_impact_energy_sect!E:E)} -> -2.53 | I8: {=_xlfn.XLOOKUP(1,(shipping_logistics_disruption!A:A=Table1[[#This Row],[Date]])*(shipping_logistics_disruption!B:B="Strait of Hormuz"),shipping_logistics_disruption!D:D)} -> 2414.98 | J8: =AVERAGEIF(news_sentiment_media_coverage!A7:G63,Table1[[#This Row],[Date]],news_sentiment_media_coverage!D7) -> -0.18 | K8: =(Table1[[#This Row],[WTI_Oil]]-D7)/D7*100 -> -0.74383164 | L8: =(Table1[[#This Row],[INR_USD]]-F7)/F7*100 -> -0.024055809 | M8: =(Table1[[#This Row],[USD_Index]]-G7)/G7*100 -> 0.32941176 | N8: =(Table1[[#This Row],[Fright Rate(Hormuz)]]-I7)/I7*100 -> -13.167073
A9: 46120 | B9: =VLOOKUP(Table1[[#This Row],[Date]],crude_oil_prices_crisis_period!A8:F23,5,FALSE) -> Wednesday | C9: Peak | D9: =VLOOKUP(A9,crude_oil_prices_crisis_period!A8:F23,2,FALSE) -> 112.4 | E9: 114.9 | F9: {=_xlfn.XLOOKUP(1,(currency_inflation_indicators!A:A=Table1[[#This Row],[Date]])*(currency_inflation_indicators!B:B=Table1[[#Headers],[INR_USD]]),currency_inflation_indicators!C:C)} -> 83.1 | G9: {=_xlfn.XLOOKUP(1,(currency_inflation_indicators!A:A=Table1[[#This Row],[Date]])*(currency_inflation_indicators!B:B=Table1[[#Headers],[USD_Index]]),currency_inflation_indicators!C:C)} -> 106.95 | H9: {=_xlfn.XLOOKUP(1,(stock_market_impact_energy_sect!A:A=Table1[[#This Row],[Date]])*(stock_market_impact_energy_sect!B:B=Table1[[#Headers],[SPLG (S&P 500)]]),stock_market_impact_energy_sect!E:E)} -> -2.86 | I9: {=_xlfn.XLOOKUP(1,(shipping_logistics_disruption!A:A=Table1[[#This Row],[Date]])*(shipping_logistics_disruption!B:B="Strait of Hormuz"),shipping_logistics_disruption!D:D)} -> 2303.05 | J9: =AVERAGEIF(news_sentiment_media_coverage!A8:G64,Table1[[#This Row],[Date]],news_sentiment_media_coverage!D8) -> -0.26 | K9: =(Table1[[#This Row],[WTI_Oil]]-D8)/D8*100 -> 2.7234509 | L9: =(Table1[[#This Row],[INR_USD]]-F8)/F8*100 -> -0.024061598 | M9: =(Table1[[#This Row],[USD_Index]]-G8)/G8*100 -> 0.32833021 | N9: =(Table1[[#This Row],[Fright Rate(Hormuz)]]-I8)/I8*100 -> -4.634821

Sheet Rough_Dashboard
A1: DASHBOARD

Sheet Pivot_tables
A2: PIVOT TABLE : 1 | G2: PIVOT TABLE : 2 | K2: PIVOT TABLE : 3 | O2: PIVOT TABLE : 4 | T2: PIVOT TABLE : 5
A4: Country Fuel Price(%) Change | G4: Oil Price by Crisis_Phase | K4: Stock Market: Energy vs Broad Market | O4: Shipping Disruption by Route | T4: News Sentiment vs Article Volume
A5: Average of Fuel_Price_Per_Liter_USD | B5: Column Labels | G5: Crisis_Phase | H5: Average of WTI_Oil | I5: Average of Brent_Oil | K5: Average of Percent_Change | L5: Column Labels | O5: Shipping_Route | P5: Average of Days_Delay_Average | Q5: Average of Insurance_Premium_Increase_Percent | R5: Average of Avg_Freight_Rate_USD_per_TEU | T5: Date | U5: Sum of Article_Mentions | V5: Average of Sentiment_Score
A6: Country | B6: Escalation | C6: Peak | D6: Pre-Crisis | E6: %Change | G6: Pre-Crisis | H6: 97.8425 | I6: 100.3425 | K6: Date | L6: Broad Market | M6: Energy | O6: Malacca Strait | P6: 1.75 | Q6: 28 | R6: 2149.3825 | T6: 46113 | U6: 334 | V6: 0.3
A7: Australia | B7: 5.37 | C7: 5.54 | D7: 5.075 | E7: =($C7-$D7)/$D7*100 -> 9.1625616 | G7: Escalation | H7: 110.72667 | I7: 113.22667 | K7: 46113 | L7: -0.4 | M7: -0.75 | O7: Panama Canal | P7: 1.75 | Q7: 28 | R7: 2347.3812 | T7: 46114 | U7: 666 | V7: 0.22
A8: Brazil | B8: 5.13 | C8: 5.27 | D8: 4.885 | E8: =($C8-$D8)/$D8*100 -> 7.8812692 | G8: Peak | H8: 112.4 | I8: 114.9 | K8: 46114 | L8: -0.725 | M8: 0.33 | O8: Strait of Hormuz | P8: 1.75 | Q8: 28 | R8: 2118.915 | T8: 46115 | U8: 914 | V8: 0.14
A9: Canada | B9: 3.3966667 | C9: 3.5 | D9: 3.205 | E9: =($C9-$D9)/$D9*100 -> 9.2043682 | K9: 46115 | L9: -1.055 | M9: 1.4125 | O9: Suez Canal | P9: 1.75 | Q9: 28 | R9: 2290.41 | T9: 46116 | U9: 1256 | V9: 0.06
A10: China | B10: 5.5333333 | C10: 5.7 | D10: 5.245 | E10: =($C10-$D10)/$D10*100 -> 8.6749285 | K10: 46116 | L10: -1.375 | M10: 2.4925 | T10: 46117 | U10: 1542 | V10: -0.02
A11: Germany | B11: 6.2833333 | C11: 6.44 | D11: 6.01 | E11: =($C11-$D11)/$D11*100 -> 7.1547421 | G11: The jump from Pre-Crisis to Peak should be dramatic (97.84 to 112.40 for WTI). | K11: 46117 | L11: -1.7 | M11: 3.575 | T11: 46118 | U11: 1696 | V11: -0.1
A12: India | B12: 106.55333 | C12: 110.48 | D12: 99.67 | E12: =($C12-$D12)/$D12*100 -> 10.845791 | K12: 46118 | L12: -2.025 | M12: 4.655 | O12: Strait of Hormuz should show the sharpest vessel count drop. Suez Canal freight rate spike matters for India-Europe trade. | T12: 46119 | U12: 1839 | V12: -0.18
A13: Japan | B13: 5.7566667 | C13: 5.93 | D13: 5.465 | E13: =($C13-$D13)/$D13*100 -> 8.5086917 | K13: 46119 | L13: -2.35 | M13: 5.735 | T13: 46120 | U13: 2236 | V13: -0.26
A14: Pakistan | B14: 106.52333 | C14: 116.19 | D14: 89.595 | E14: =($C14-$D14)/$D14*100 -> 29.683576 | K14: 46120 | L14: -2.675 | M14: 6.82
A15: Saudi Arabia | B15: 1.8466667 | C15: 1.88 | D15: 1.8 | E15: =($C15-$D15)/$D15*100 -> 4.4444444 | T15: As dates progress, article mentions should spike up while sentiment score drops down (goes more negative).
A16: UAE | B16: 1.8933333 | C16: 1.91 | D16: 1.865 | E16: =($C16-$D16)/$D16*100 -> 2.4128686 | K16: Energy sector % change should be positive and growing. Broad Market should be negative and worsening. This divergence is a powerful story.
A17: UK | B17: 5.8933333 | C17: 6.08 | D17: 5.5625 | E17: =($C17-$D17)/$D17*100 -> 9.3033708
A18: USA | B18: 3.7266667 | C18: 3.83 | D18: 3.535 | E18: =($C18-$D18)/$D18*100 -> 8.3451202
A20: Pakistan and India will show high absolute change. UAE and Saudi Arabia will show minimal change.

Sheet Key_Insights
B1: Key Insights:
B4: 1. WTI crude oil rise from pre-crisis to peak (Day 0 to Day 7).
B5: 2. Pakistan saw the highest fuel price increase .
B6: 3. Energy stocks (XOM, CVX) gained +7% while Broad Market lost -2.8% -clear sector rotation.
B7: 4. Strait of Hormuz vessel traffic dropped - highest route disruption.
B8: 5. Bloomberg article mentions grew 8x from Day 0 to Day 7 as sentiment turned deeply negative.

Sheet global_fuel_prices_april_2026
A1: Date | B1: Country | C1: Fuel_Price_Per_Liter_USD | D1: Currency | E1: Days_Since_Crisis_Start | F1: Crisis_Phase
A2: 46113 | B2: USA | C2: 3.45 | D2: USD | E2: 0 | F2: Pre-Crisis
A3: 46114 | B3: USA | C3: 3.51 | D3: USD | E3: 1 | F3: Pre-Crisis
A4: 46115 | B4: USA | C4: 3.56 | D4: USD | E4: 2 | F4: Pre-Crisis
A5: 46116 | B5: USA | C5: 3.62 | D5: USD | E5: 3 | F5: Pre-Crisis
A6: 46117 | B6: USA | C6: 3.67 | D6: USD | E6: 4 | F6: Escalation
A7: 46118 | B7: USA | C7: 3.73 | D7: USD | E7: 5 | F7: Escalation
A8: 46119 | B8: USA | C8: 3.78 | D8: USD | E8: 6 | F8: Escalation
A9: 46120 | B9: USA | C9: 3.83 | D9: USD | E9: 7 | F9: Peak
A10: 46113 | B10: India | C10: 96.72 | D10: INR | E10: 0 | F10: Pre-Crisis
A11: 46114 | B11: India | C11: 98.69 | D11: INR | E11: 1 | F11: Pre-Crisis
A12: 46115 | B12: India | C12: 100.65 | D12: INR | E12: 2 | F12: Pre-Crisis
A13: 46116 | B13: India | C13: 102.62 | D13: INR | E13: 3 | F13: Pre-Crisis
... A97: 46120 | B97: Pakistan | C97: 116.19 | D97: PKR | E97: 7 | F97: Peak

Sheet crude_oil_prices_crisis_period
A1: Date | B1: WTI_Crude_USD_per_barrel | C1: Brent_Crude_USD_per_barrel | D1: OPEC_Basket_USD_per_barrel | E1: Day_of_Week | F1: Trading_Volume_Million_Barrels
A2: 46106 | B2: 85.2 | C2: 87.7 | D2: 86.2 | E2: Wednesday | F2: 2.52
A3: 46107 | B3: 84.94 | C3: 87.44 | D3: 85.94 | E3: Thursday | F3: 2.84
A4: 46108 | B4: 84.94 | C4: 87.44 | D4: 85.94 | E4: Friday | F4: 3.32
A5: 46109 | B5: 85.32 | C5: 87.82 | D5: 86.32 | E5: Saturday | F5: 3.17
A6: 46110 | B6: 85.45 | C6: 87.95 | D6: 86.45 | E6: Sunday | F6: 2.91
A7: 46111 | B7: 85.91 | C7: 88.41 | D7: 86.91 | E7: Monday | F7: 2.64
A8: 46112 | B8: 84.15 | C8: 86.65 | D8: 85.15 | E8: Tuesday | F8: 3.65
A9: 46113 | B9: 93.49 | C9: 95.99 | D9: 94.49 | E9: Wednesday | F9: 2.61
A10: 46114 | B10: 94.24 | C10: 96.74 | D10: 95.24 | E10: Thursday | F10: 3
A11: 46115 | B11: 93.88 | C11: 96.38 | D11: 94.88 | E11: Friday | F11: 3.38
A12: 46116 | B12: 109.76 | C12: 112.26 | D12: 110.76 | E12: Saturday | F12: 3.26
A13: 46117 | B13: 112.52 | C13: 115.02 | D13: 113.52 | E13: Sunday | F13: 3.15
... A16: 46120 | B16: 112.4 | C16: 114.9 | D16: 113.4 | E16: Wednesday | F16: 3.34

Sheet currency_inflation_indicators
A1: Date | B1: Currency_Pair | C1: Exchange_Rate | D1: Daily_Change_Percent | E1: Volatility_Index
A2: 46113 | B2: USD_Index | C2: 104.5 | D2: 0.16 | E2: 28.5
A3: 46113 | B3: EUR_USD | C3: 1.09 | D3: 0.03 | E3: 24.6
A4: 46113 | B4: GBP_USD | C4: 1.27 | D4: -0.4 | E4: 31.4
A5: 46113 | B5: INR_USD | C5: 83.24 | D5: 0.45 | E5: 29.6
A6: 46113 | B6: PKR_USD | C6: 278.45 | D6: 0.21 | E6: 25
A7: 46113 | B7: AED_USD | C7: 3.673 | D7: 0.34 | E7: 29
A8: 46114 | B8: USD_Index | C8: 104.85 | D8: 0.18 | E8: 15.4
A9: 46114 | B9: EUR_USD | C9: 1.07 | D9: 0.34 | E9: 30.2
A10: 46114 | B10: GBP_USD | C10: 1.25 | D10: 0.4 | E10: 15.2
A11: 46114 | B11: INR_USD | C11: 83.22 | D11: -0.43 | E11: 15.2
A12: 46114 | B12: PKR_USD | C12: 278.43 | D12: -0.29 | E12: 22.3
A13: 46114 | B13: AED_USD | C13: 3.653 | D13: 0.47 | E13: 16.2
... A49: 46120 | B49: AED_USD | C49: 3.533 | D49: 0.64 | E49: 27.5

Sheet news_sentiment_media_coverage
A1: Date | B1: News_Source | C1: Article_Mentions | D1: Sentiment_Score | E1: Sentiment_Label | F1: Headline_Avg_Length | G1: Shares_and_Engagement
A2: 46113 | B2: Reuters | C2: 48 | D2: 0.3 | E2: Neutral | F2: 51 | G2: 47281
A3: 46113 | B3: Bloomberg | C3: 46 | D3: 0.3 | E3: Neutral | F3: 66 | G3: 14191
A4: 46113 | B4: AP News | C4: 39 | D4: 0.3 | E4: Neutral | F4: 47 | G4: 28284
A5: 46113 | B5: BBC | C5: 57 | D5: 0.3 | E5: Neutral | F5: 70 | G5: 23101
A6: 46113 | B6: CNBC | C6: 35 | D6: 0.3 | E6: Neutral | F6: 70 | G6: 28756
A7: 46113 | B7: Al Jazeera | C7: 63 | D7: 0.3 | E7: Neutral | F7: 116 | G7: 47454
A8: 46113 | B8: NPR | C8: 46 | D8: 0.3 | E8: Neutral | F8: 110 | G8: 49071
A9: 46114 | B9: Reuters | C9: 94 | D9: 0.22 | E9: Neutral | F9: 58 | G9: 15449
A10: 46114 | B10: Bloomberg | C10: 79 | D10: 0.22 | E10: Neutral | F10: 48 | G10: 26159
A11: 46114 | B11: AP News | C11: 94 | D11: 0.22 | E11: Neutral | F11: 47 | G11: 17181
A12: 46114 | B12: BBC | C12: 102 | D12: 0.22 | E12: Neutral | F12: 103 | G12: 9915
A13: 46114 | B13: CNBC | C13: 92 | D13: 0.22 | E13: Neutral | F13: 73 | G13: 42678
... A57: 46120 | B57: NPR | C57: 393 | D57: -0.26 | E57: Negative | F57: 45 | G57: 15347

Sheet shipping_logistics_disruption
A1: Date | B1: Shipping_Route | C1: Daily_Vessels_Passed | D1: Avg_Freight_Rate_USD_per_TEU | E1: Capacity_Utilization_Percent | F1: Days_Delay_Average | G1: Insurance_Premium_Increase_Percent
A2: 46113 | B2: Strait of Hormuz | C2: 15 | D2: 1741.66 | E2: 95 | F2: 0 | G2: 0
A3: 46113 | B3: Suez Canal | C3: 12 | D3: 1745.48 | E3: 95 | F3: 0 | G3: 0
A4: 46113 | B4: Panama Canal | C4: 8 | D4: 1674.66 | E4: 95 | F4: 0 | G4: 0
A5: 46113 | B5: Malacca Strait | C5: 10 | D5: 1270.12 | E5: 95 | F5: 0 | G5: 0
A6: 46114 | B6: Strait of Hormuz | C6: 14.2 | D6: 1930.09 | E6: 70 | F6: 0.5 | G6: 8
A7: 46114 | B7: Suez Canal | C7: 11.8 | D7: 2079.2 | E7: 85 | F7: 0.5 | G7: 8
A8: 46114 | B8: Panama Canal | C8: 7.9 | D8: 2303.72 | E8: 90 | F8: 0.5 | G8: 8
A9: 46114 | B9: Malacca Strait | C9: 9.7 | D9: 1995.61 | E9: 80 | F9: 0.5 | G9: 8
A10: 46115 | B10: Strait of Hormuz | C10: 13.5 | D10: 1518.98 | E10: 50 | F10: 1 | G10: 16
A11: 46115 | B11: Suez Canal | C11: 11.5 | D11: 2001.36 | E11: 75 | F11: 1 | G11: 16
A12: 46115 | B12: Panama Canal | C12: 7.8 | D12: 2260.66 | E12: 85 | F12: 1 | G12: 16
A13: 46115 | B13: Malacca Strait | C13: 9.4 | D13: 2235.34 | E13: 65 | F13: 1 | G13: 16
... A33: 46120 | B33: Malacca Strait | C33: 7.9 | D33: 2737.45 | E33: 50 | F33: 3.5 | G33: 56

Sheet stock_market_impact_energy_sect
A1: Date | B1: Stock_Symbol | C1: Opening_Price | D1: Closing_Price | E1: Percent_Change | F1: Trading_Volume | G1: Sector
A2: 46113 | B2: XOM (Exxon) | C2: 135.95 | D2: 134.32 | E2: -1.2 | F2: 54032796 | G2: Energy
A3: 46114 | B3: XOM (Exxon) | C3: 135.95 | D3: 135.96 | E3: 0.01 | F3: 52291801 | G3: Energy
A4: 46115 | B4: XOM (Exxon) | C4: 135.95 | D4: 137.61 | E4: 1.22 | F4: 24776548 | G4: Energy
A5: 46116 | B5: XOM (Exxon) | C5: 135.95 | D5: 139.26 | E5: 2.44 | F5: 54428583 | G5: Energy
A6: 46117 | B6: XOM (Exxon) | C6: 135.95 | D6: 140.91 | E6: 3.65 | F6: 38842774 | G6: Energy
A7: 46118 | B7: XOM (Exxon) | C7: 135.95 | D7: 142.56 | E7: 4.86 | F7: 59408157 | G7: Energy
A8: 46119 | B8: XOM (Exxon) | C8: 135.95 | D8: 144.21 | E8: 6.07 | F8: 31630822 | G8: Energy
A9: 46120 | B9: XOM (Exxon) | C9: 135.95 | D9: 145.85 | E9: 7.29 | F9: 34548806 | G9: Energy
A10: 46113 | B10: CVX (Chevron) | C10: 106.55 | D10: 105.69 | E10: -0.8 | F10: 61396893 | G10: Energy
A11: 46114 | B11: CVX (Chevron) | C11: 106.55 | D11: 106.76 | E11: 0.2 | F11: 45173550 | G11: Energy
A12: 46115 | B12: CVX (Chevron) | C12: 106.55 | D12: 107.82 | E12: 1.2 | F12: 60065958 | G12: Energy
A13: 46116 | B13: CVX (Chevron) | C13: 106.55 | D13: 108.89 | E13: 2.2 | F13: 47203062 | G13: Energy
... A49: 46120 | B49: VTI (Total Market) | C49: 95.71 | D49: 93.33 | E49: -2.49 | F49: 50831542 | G49: Broad Market
